_id,_openid,catid,comment,id2,issecletd,score,userid,userimg,username
1fee1e976262df22019cf5390bb1dfb0,oLRmP5ErpuiIx_KJRpW0tvhABfho,563f33cc6261afc907d179f93956edbc,小猫咪嘿嘿嘿~~~,-1,false,1,1cf827d06262dee4017838383b45a1ce,https://thirdwx.qlogo.cn/mmopen/vi_32/qusDOu4ZhMGG96uiamFMnbIc9vcyviaibiciapSfvOW6JjNKQmqqRG427n0NGh4uxrdBHQ063JjXemct5ErE4LiapR2A/132,小樽
b47ffc576262df6f00c4171f147c7cee,oLRmP5ErpuiIx_KJRpW0tvhABfho,563f33cc6261afc907d179f93956edbc,每次见到小猫咪心情都能变好呢~,1fee1e976262df22019cf5390bb1dfb0,false,0,1cf827d06262dee4017838383b45a1ce,https://thirdwx.qlogo.cn/mmopen/vi_32/qusDOu4ZhMGG96uiamFMnbIc9vcyviaibiciapSfvOW6JjNKQmqqRG427n0NGh4uxrdBHQ063JjXemct5ErE4LiapR2A/132,小樽
6f49505e6262e68401bd9f3066944354,oLRmP5ErpuiIx_KJRpW0tvhABfho,563f33cc6261afc907d179ff665966e7,非常可爱,-1,false,5,1cf827d06262dee4017838383b45a1ce,https://thirdwx.qlogo.cn/mmopen/vi_32/qusDOu4ZhMGG96uiamFMnbIc9vcyviaibiciapSfvOW6JjNKQmqqRG427n0NGh4uxrdBHQ063JjXemct5ErE4LiapR2A/132,小樽
6f49505e6262e69f01bda0592a10ce06,oLRmP5ErpuiIx_KJRpW0tvhABfho,563f33cc6261afc907d179ff665966e7,下次再来看看他,6f49505e6262e68401bd9f3066944354,false,0,1cf827d06262dee4017838383b45a1ce,https://thirdwx.qlogo.cn/mmopen/vi_32/qusDOu4ZhMGG96uiamFMnbIc9vcyviaibiciapSfvOW6JjNKQmqqRG427n0NGh4uxrdBHQ063JjXemct5ErE4LiapR2A/132,小樽
1fee1e976262e980019d71d62de087f6,oLRmP5ErpuiIx_KJRpW0tvhABfho,563f33cc6261afc907d17a0876425564,威武～,-1,false,5,1cf827d06262dee4017838383b45a1ce,https://thirdwx.qlogo.cn/mmopen/vi_32/qusDOu4ZhMGG96uiamFMnbIc9vcyviaibiciapSfvOW6JjNKQmqqRG427n0NGh4uxrdBHQ063JjXemct5ErE4LiapR2A/132,小樽
bb4c25156262e99300f9e19c224d5e93,oLRmP5ErpuiIx_KJRpW0tvhABfho,563f33cc6261afc907d17a0876425564,威武～～,1fee1e976262e980019d71d62de087f6,false,0,1cf827d06262dee4017838383b45a1ce,https://thirdwx.qlogo.cn/mmopen/vi_32/qusDOu4ZhMGG96uiamFMnbIc9vcyviaibiciapSfvOW6JjNKQmqqRG427n0NGh4uxrdBHQ063JjXemct5ErE4LiapR2A/132,小樽
5464a29462639442024a65217de70ae8,oLRmP5NkVl7cs3_6oPzastf900r4,563f33cc6261afc907d17a0e5abac802,我是赵潦草,-1,false,1,1fee1e97626376a701aa07d0485a46e8,https://thirdwx.qlogo.cn/mmopen/vi_32/qusDOu4ZhMGG96uiamFMnbIc9vcyviaibiciapSfvOW6JjNKQmqqRG427n0NGh4uxrdBHQ063JjXemct5ErE4LiapR2A/132,小樽
5464a29462639450024a67431509546c,oLRmP5NkVl7cs3_6oPzastf900r4,563f33cc6261afc907d17a0e5abac802,你不是,5464a29462639442024a65217de70ae8,false,0,1fee1e97626376a701aa07d0485a46e8,https://thirdwx.qlogo.cn/mmopen/vi_32/qusDOu4ZhMGG96uiamFMnbIc9vcyviaibiciapSfvOW6JjNKQmqqRG427n0NGh4uxrdBHQ063JjXemct5ErE4LiapR2A/132,小樽
1fee1e976263ae3901b186033b145d4a,oLRmP5LkUZ4WW9bZt_M1l0mPwqvo,563f33cc6261afc907d17a0876425564,山东临清狮子猫yyds,-1,false,5,5464a2946263831c0247392313573130,https://thirdwx.qlogo.cn/mmopen/vi_32/Q0j4TwGTfTI4c5RgmFniaNwAf0PKicKtEEgo3tYjwiayVKlf0M1rjaG9VcJWicd9BXyQQvBpqMYYn5ECfNjG4GYYDQ/132,陆肆
6f49505e6263ae6d01d42db01dd878ca,oLRmP5LkUZ4WW9bZt_M1l0mPwqvo,563f33cc6261afc907d17a0876425564,美丽猫猫在线撩人,1fee1e976263ae3901b186033b145d4a,false,0,5464a2946263831c0247392313573130,https://thirdwx.qlogo.cn/mmopen/vi_32/Q0j4TwGTfTI4c5RgmFniaNwAf0PKicKtEEgo3tYjwiayVKlf0M1rjaG9VcJWicd9BXyQQvBpqMYYn5ECfNjG4GYYDQ/132,陆肆
5464a2946263ba7702513c7d6fd824b7,oLRmP5LkUZ4WW9bZt_M1l0mPwqvo,563f33cc6261afc907d17a060c3bfff1,速来贴贴！！！,-1,false,4,5464a2946263831c0247392313573130,https://thirdwx.qlogo.cn/mmopen/vi_32/Q0j4TwGTfTI4c5RgmFniaNwAf0PKicKtEEgo3tYjwiayVKlf0M1rjaG9VcJWicd9BXyQQvBpqMYYn5ECfNjG4GYYDQ/132,陆肆
6f49505e6263bc1901d62d264365a599,oLRmP5LkUZ4WW9bZt_M1l0mPwqvo,563f33cc6261afc907d17a0120cab7f5,今天的爆率真高啊。jpg,-1,false,4,5464a2946263831c0247392313573130,https://thirdwx.qlogo.cn/mmopen/vi_32/Q0j4TwGTfTI4c5RgmFniaNwAf0PKicKtEEgo3tYjwiayVKlf0M1rjaG9VcJWicd9BXyQQvBpqMYYn5ECfNjG4GYYDQ/132,陆肆
f1dedd586263c7ee01199b3c1be640b5,oLRmP5LkUZ4WW9bZt_M1l0mPwqvo,563f33cc6261afc907d17a0205e7d98b,猫猫宝贝,-1,false,5,5464a2946263831c0247392313573130,https://thirdwx.qlogo.cn/mmopen/vi_32/Q0j4TwGTfTI4c5RgmFniaNwAf0PKicKtEEgo3tYjwiayVKlf0M1rjaG9VcJWicd9BXyQQvBpqMYYn5ECfNjG4GYYDQ/132,陆肆
5464a2946263c7fd0253bf1b1811c2b9,oLRmP5LkUZ4WW9bZt_M1l0mPwqvo,563f33cc6261afc907d17a0205e7d98b,同意,f1dedd586263c7ee01199b3c1be640b5,false,0,5464a2946263831c0247392313573130,https://thirdwx.qlogo.cn/mmopen/vi_32/Q0j4TwGTfTI4c5RgmFniaNwAf0PKicKtEEgo3tYjwiayVKlf0M1rjaG9VcJWicd9BXyQQvBpqMYYn5ECfNjG4GYYDQ/132,陆肆
1fee1e976263d4ad01b69dd870198a8b,oLRmP5LkUZ4WW9bZt_M1l0mPwqvo,563f33cc6261afc907d179f93956edbc,宝贝,-1,false,5,6f49505e6263d25401d99cef7cfea681,https://thirdwx.qlogo.cn/mmopen/vi_32/Q0j4TwGTfTI4c5RgmFniaNwAf0PKicKtEEgo3tYjwiayVKlf0M1rjaG9VcJWicd9BXyQQvBpqMYYn5ECfNjG4GYYDQ/132,陆肆
f1dedd586263d4ba011aacf1315507ef,oLRmP5LkUZ4WW9bZt_M1l0mPwqvo,563f33cc6261afc907d179f93956edbc,大宝贝,1fee1e976263d4ad01b69dd870198a8b,false,0,6f49505e6263d25401d99cef7cfea681,https://thirdwx.qlogo.cn/mmopen/vi_32/Q0j4TwGTfTI4c5RgmFniaNwAf0PKicKtEEgo3tYjwiayVKlf0M1rjaG9VcJWicd9BXyQQvBpqMYYn5ECfNjG4GYYDQ/132,陆肆
6f49505e6263f47201decdfc42f3c82c,oLRmP5DfaoYnNzTJDh20c1O79I8s,563f33cc6261afc907d179fc47640c8f,嘿嘿嘿,-1,false,5,1fee1e97626376a701aa07d0485a46e8,https://thirdwx.qlogo.cn/mmopen/vi_32/qusDOu4ZhMGG96uiamFMnbIc9vcyviaibiciapSfvOW6JjNKQmqqRG427n0NGh4uxrdBHQ063JjXemct5ErE4LiapR2A/132,小樽
5464a2946263f8fe025d2d5038a3b747,oLRmP5ErpuiIx_KJRpW0tvhABfho,563f33cc6261afc907d179fe12347a87,康康,-1,false,5,1fee1e97626376a701aa07d0485a46e8,https://thirdwx.qlogo.cn/mmopen/vi_32/qusDOu4ZhMGG96uiamFMnbIc9vcyviaibiciapSfvOW6JjNKQmqqRG427n0NGh4uxrdBHQ063JjXemct5ErE4LiapR2A/132,小樽
